ID,generated
TEST_0000,0.11828179
TEST_0001,0.21163602
TEST_0002,0.11236682
TEST_0003,0.23204315
TEST_0004,0.2792256
TEST_0005,0.3225584
TEST_0006,0.36575106
TEST_0007,0.18760525
TEST_0008,0.2311484
TEST_0009,0.11275985
TEST_0010,0.108071595
TEST_0011,0.108107544
TEST_0012,0.1861827
TEST_0013,0.1273967
TEST_0014,0.1106028
TEST_0015,0.10843866
TEST_0016,0.1148572
TEST_0017,0.14418139
TEST_0018,0.149749
TEST_0019,0.12824641
TEST_0020,0.104828514
TEST_0021,0.11599692
TEST_0022,0.11412076
TEST_0023,0.15959059
TEST_0024,0.12020443
TEST_0025,0.10187385
TEST_0026,0.4932911
TEST_0027,0.368229
TEST_0028,0.10847068
TEST_0029,0.10902388
TEST_0030,0.10167635
TEST_0031,0.27137086
TEST_0032,0.30580536
TEST_0033,0.10640702
TEST_0034,0.10976673
TEST_0035,0.1127424
TEST_0036,0.10477368
TEST_0037,0.11220985
TEST_0038,0.6178539
TEST_0039,0.35402158
TEST_0040,0.18046732
TEST_0041,0.3271387
TEST_0042,0.17651694
TEST_0043,0.411733
TEST_0044,0.11778525
TEST_0045,0.1076369
TEST_0046,0.4254904
TEST_0047,0.35008645
TEST_0048,0.15980656
TEST_0049,0.69589615
TEST_0050,0.20347358
TEST_0051,0.8529082
TEST_0052,0.13490526
TEST_0053,0.8628998
TEST_0054,0.15168755
TEST_0055,0.12442549
TEST_0056,0.4465277
TEST_0057,0.3297437
TEST_0058,0.116176866
TEST_0059,0.109752215
TEST_0060,0.118328966
TEST_0061,0.12762511
TEST_0062,0.17217316
TEST_0063,0.10814717
TEST_0064,0.112515815
TEST_0065,0.20365691
TEST_0066,0.11098028
TEST_0067,0.103618704
TEST_0068,0.12330812
TEST_0069,0.10928915
TEST_0070,0.11084306
TEST_0071,0.11395206
TEST_0072,0.1099458
TEST_0073,0.23002565
TEST_0074,0.113886155
TEST_0075,0.11361784
TEST_0076,0.11133044
TEST_0077,0.10478569
TEST_0078,0.11751202
TEST_0079,0.2642072
TEST_0080,0.112223946
TEST_0081,0.110783644
TEST_0082,0.4141349
TEST_0083,0.10927824
TEST_0084,0.1069665
TEST_0085,0.14820912
TEST_0086,0.10690313
TEST_0087,0.18715708
TEST_0088,0.4875609
TEST_0089,0.20946
TEST_0090,0.52014726
TEST_0091,0.28712893
TEST_0092,0.10925824
TEST_0093,0.116606
TEST_0094,0.12487479
TEST_0095,0.10429343
TEST_0096,0.12308953
TEST_0097,0.10139453
TEST_0098,0.10609571
TEST_0099,0.2789334
TEST_0100,0.18692596
TEST_0101,0.10030177
TEST_0102,0.10664009
TEST_0103,0.103162475
TEST_0104,0.1316017
TEST_0105,0.12255314
TEST_0106,0.11170084
TEST_0107,0.40887114
TEST_0108,0.116312064
TEST_0109,0.12420365
TEST_0110,0.11716535
TEST_0111,0.113051206
TEST_0112,0.1063781
TEST_0113,0.22853453
TEST_0114,0.2228204
TEST_0115,0.10790503
TEST_0116,0.14411934
TEST_0117,0.10772717
TEST_0118,0.13117413
TEST_0119,0.11501364
TEST_0120,0.12861179
TEST_0121,0.10746571
TEST_0122,0.15429595
TEST_0123,0.12078318
TEST_0124,0.11023837
TEST_0125,0.3959855
TEST_0126,0.10367628
TEST_0127,0.10673497
TEST_0128,0.10971787
TEST_0129,0.349826
TEST_0130,0.10646814
TEST_0131,0.48490357
TEST_0132,0.10461244
TEST_0133,0.13085496
TEST_0134,0.11430615
TEST_0135,0.12162181
TEST_0136,0.10642457
TEST_0137,0.10662029
TEST_0138,0.14381184
TEST_0139,0.10585731
TEST_0140,0.10519286
TEST_0141,0.108556844
TEST_0142,0.14002721
TEST_0143,0.109426476
TEST_0144,0.112018
TEST_0145,0.1283356
TEST_0146,0.123727925
TEST_0147,0.1358722
TEST_0148,0.10984525
TEST_0149,0.29305816
TEST_0150,0.82197213
TEST_0151,0.25375208
TEST_0152,0.14111228
TEST_0153,0.15907873
TEST_0154,0.22842495
TEST_0155,0.2866767
TEST_0156,0.13863039
TEST_0157,0.14419994
TEST_0158,0.12065486
TEST_0159,0.11305521
TEST_0160,0.10626588
TEST_0161,0.11650757
TEST_0162,0.10889322
TEST_0163,0.108436555
TEST_0164,0.103137545
TEST_0165,0.110210925
TEST_0166,0.22220306
TEST_0167,0.103396386
TEST_0168,0.10934895
TEST_0169,0.13510706
TEST_0170,0.23144527
TEST_0171,0.26852655
TEST_0172,0.43496308
TEST_0173,0.13244985
TEST_0174,0.5610726
TEST_0175,0.123244345
TEST_0176,0.107135534
TEST_0177,0.106547624
TEST_0178,0.105496325
TEST_0179,0.106367044
TEST_0180,0.2983379
TEST_0181,0.17458744
TEST_0182,0.13758916
TEST_0183,0.487677
TEST_0184,0.19872956
TEST_0185,0.15663448
TEST_0186,0.14710279
TEST_0187,0.11507633
TEST_0188,0.22566687
TEST_0189,0.10787428
TEST_0190,0.12346369
TEST_0191,0.10968874
TEST_0192,0.45858476
TEST_0193,0.10284043
TEST_0194,0.104566954
TEST_0195,0.1476459
TEST_0196,0.10276062
TEST_0197,0.27051386
TEST_0198,0.20055652
TEST_0199,0.51405716
TEST_0200,0.1027767
TEST_0201,0.31177318
TEST_0202,0.15867542
TEST_0203,0.107608855
TEST_0204,0.16417028
TEST_0205,0.10657817
TEST_0206,0.39875713
TEST_0207,0.108511984
TEST_0208,0.10874099
TEST_0209,0.35646775
TEST_0210,0.10490682
TEST_0211,0.10874099
TEST_0212,0.30035284
TEST_0213,0.47530976
TEST_0214,0.107390136
TEST_0215,0.40226522
TEST_0216,0.11464446
TEST_0217,0.1489383
TEST_0218,0.10405979
TEST_0219,0.2946256
TEST_0220,0.17193048
TEST_0221,0.1881873
TEST_0222,0.1371658
TEST_0223,0.11525419
TEST_0224,0.27595133
TEST_0225,0.10699493
TEST_0226,0.10642177
TEST_0227,0.10351741
TEST_0228,0.2456491
TEST_0229,0.1062436
TEST_0230,0.10575733
TEST_0231,0.13317834
TEST_0232,0.5040485
TEST_0233,0.17266862
TEST_0234,0.10282743
TEST_0235,0.117711626
TEST_0236,0.16101544
TEST_0237,0.10472893
TEST_0238,0.111455806
TEST_0239,0.107252
TEST_0240,0.2056697
TEST_0241,0.10588536
TEST_0242,0.11184201
TEST_0243,0.11353736
TEST_0244,0.11236408
TEST_0245,0.10768608
TEST_0246,0.12663907
TEST_0247,0.22865379
TEST_0248,0.56335086
TEST_0249,0.10585207
TEST_0250,0.2067552
TEST_0251,0.1370294
TEST_0252,0.10933125
TEST_0253,0.11177889
TEST_0254,0.12152494
TEST_0255,0.1338144
TEST_0256,0.18677051
TEST_0257,0.3882289
TEST_0258,0.117265016
TEST_0259,0.11103121
TEST_0260,0.19440193
TEST_0261,0.10580039
TEST_0262,0.12742466
TEST_0263,0.36051366
TEST_0264,0.13669476
TEST_0265,0.1542114
TEST_0266,0.20382333
TEST_0267,0.10505999
TEST_0268,0.3892944
TEST_0269,0.10522998
TEST_0270,0.27464464
TEST_0271,0.118300624
TEST_0272,0.103131585
TEST_0273,0.10707402
TEST_0274,0.45356765
TEST_0275,0.16304189
TEST_0276,0.107300185
TEST_0277,0.11186716
TEST_0278,0.11610808
TEST_0279,0.22214834
TEST_0280,0.11699641
TEST_0281,0.10696825
TEST_0282,0.10350386
TEST_0283,0.103218466
TEST_0284,0.10637534
TEST_0285,0.13510446
TEST_0286,0.8621338
TEST_0287,0.1377641
TEST_0288,0.37951946
TEST_0289,0.49912894
TEST_0290,0.42466965
TEST_0291,0.15067405
TEST_0292,0.7338037
TEST_0293,0.142864
TEST_0294,0.11674897
TEST_0295,0.10465461
TEST_0296,0.1511624
TEST_0297,0.110208
TEST_0298,0.5344686
TEST_0299,0.5150669
TEST_0300,0.46731544
TEST_0301,0.7527578
TEST_0302,0.50513524
TEST_0303,0.16583894
TEST_0304,0.16138428
TEST_0305,0.22903763
TEST_0306,0.1546718
TEST_0307,0.4044709
TEST_0308,0.24006224
TEST_0309,0.24773322
TEST_0310,0.32870817
TEST_0311,0.6653512
TEST_0312,0.18090244
TEST_0313,0.6170246
TEST_0314,0.47353056
TEST_0315,0.25401506
TEST_0316,0.11670438
TEST_0317,0.6032874
TEST_0318,0.5998927
TEST_0319,0.11412034
TEST_0320,0.10657842
TEST_0321,0.7663291
TEST_0322,0.25482938
TEST_0323,0.11054695
TEST_0324,0.38529253
TEST_0325,0.114480555
TEST_0326,0.11142709
TEST_0327,0.26842275
TEST_0328,0.37288788
TEST_0329,0.3864518
TEST_0330,0.15680934
TEST_0331,0.108047485
TEST_0332,0.10900021
TEST_0333,0.34274516
TEST_0334,0.17127685
TEST_0335,0.13307361
TEST_0336,0.4447061
TEST_0337,0.117775984
TEST_0338,0.10779781
TEST_0339,0.1246824
TEST_0340,0.27874568
TEST_0341,0.5030579
TEST_0342,0.4879261
TEST_0343,0.3934219
TEST_0344,0.3081151
TEST_0345,0.6285456
TEST_0346,0.726782
TEST_0347,0.24798538
TEST_0348,0.24170043
TEST_0349,0.68220234
TEST_0350,0.7242043
TEST_0351,0.6225355
TEST_0352,0.726782
TEST_0353,0.18910699
TEST_0354,0.14405046
TEST_0355,0.15228261
TEST_0356,0.39068803
TEST_0357,0.11070617
TEST_0358,0.120511435
TEST_0359,0.21425368
TEST_0360,0.22530544
TEST_0361,0.38789812
TEST_0362,0.115897596
TEST_0363,0.31005582
TEST_0364,0.13174121
TEST_0365,0.1345158
TEST_0366,0.15302916
TEST_0367,0.10767231
TEST_0368,0.18107231
TEST_0369,0.12308529
TEST_0370,0.16865964
TEST_0371,0.1329635
TEST_0372,0.11392716
TEST_0373,0.10875437
TEST_0374,0.13988973
TEST_0375,0.11972937
TEST_0376,0.29972503
TEST_0377,0.43642592
TEST_0378,0.4928024
TEST_0379,0.17532627
TEST_0380,0.5230296
TEST_0381,0.53329366
TEST_0382,0.5590717
TEST_0383,0.12221328
TEST_0384,0.121016175
TEST_0385,0.13183708
TEST_0386,0.11350035
TEST_0387,0.13775222
TEST_0388,0.106676854
TEST_0389,0.40482458
TEST_0390,0.10672351
TEST_0391,0.544357
TEST_0392,0.11955453
TEST_0393,0.10051756
TEST_0394,0.50198203
TEST_0395,0.7442674
TEST_0396,0.51274294
TEST_0397,0.43942198
TEST_0398,0.12537824
TEST_0399,0.16567676
TEST_0400,0.4209703
TEST_0401,0.1496467
TEST_0402,0.17377944
TEST_0403,0.3476294
TEST_0404,0.8066516
TEST_0405,0.18557273
TEST_0406,0.42223516
TEST_0407,0.181264
TEST_0408,0.11555787
TEST_0409,0.13599522
TEST_0410,0.2215836
TEST_0411,0.31077424
TEST_0412,0.3549854
TEST_0413,0.11194056
TEST_0414,0.12254584
TEST_0415,0.17734301
TEST_0416,0.11005601
TEST_0417,0.34290913
TEST_0418,0.45044947
TEST_0419,0.10830528
TEST_0420,0.36481532
TEST_0421,0.26934695
TEST_0422,0.30737278
TEST_0423,0.25678518
TEST_0424,0.11220041
TEST_0425,0.4043986
TEST_0426,0.14571655
TEST_0427,0.15300378
TEST_0428,0.114521146
TEST_0429,0.18294011
TEST_0430,0.3556877
TEST_0431,0.45261297
TEST_0432,0.1123284
TEST_0433,0.47481206
TEST_0434,0.13865907
TEST_0435,0.5009785
TEST_0436,0.45324078
TEST_0437,0.80851895
TEST_0438,0.24983583
TEST_0439,0.45799133
TEST_0440,0.71884745
TEST_0441,0.15885265
TEST_0442,0.38826033
TEST_0443,0.32954076
TEST_0444,0.41895175
TEST_0445,0.15712735
TEST_0446,0.46435952
TEST_0447,0.2504678
TEST_0448,0.5958441
TEST_0449,0.29991543
TEST_0450,0.43873218
TEST_0451,0.3621246
TEST_0452,0.32360494
TEST_0453,0.36053753
TEST_0454,0.7051577
TEST_0455,0.4811152
TEST_0456,0.106674105
TEST_0457,0.49825248
TEST_0458,0.12211445
TEST_0459,0.1155776
TEST_0460,0.17331405
TEST_0461,0.1419231
TEST_0462,0.17104328
TEST_0463,0.1119486
TEST_0464,0.12522228
TEST_0465,0.12589101
TEST_0466,0.13068686
TEST_0467,0.12531762
TEST_0468,0.4165814
TEST_0469,0.11752256
TEST_0470,0.15217264
TEST_0471,0.11360539
TEST_0472,0.15010609
TEST_0473,0.12285308
TEST_0474,0.31105956
TEST_0475,0.107708804
TEST_0476,0.11423686
TEST_0477,0.18196835
TEST_0478,0.32305863
TEST_0479,0.59316826
TEST_0480,0.12177842
TEST_0481,0.121406205
TEST_0482,0.14580911
TEST_0483,0.123522095
TEST_0484,0.38752413
TEST_0485,0.36458102
TEST_0486,0.49523672
TEST_0487,0.122266084
TEST_0488,0.18261023
TEST_0489,0.15690552
TEST_0490,0.15963791
TEST_0491,0.11939753
TEST_0492,0.31863928
TEST_0493,0.33710632
TEST_0494,0.12183529
TEST_0495,0.41268805
TEST_0496,0.31881353
TEST_0497,0.1192173
TEST_0498,0.11079925
TEST_0499,0.11833071
TEST_0500,0.12309185
TEST_0501,0.59703207
TEST_0502,0.10929758
TEST_0503,0.5403833
TEST_0504,0.16719826
TEST_0505,0.28466597
TEST_0506,0.11087313
TEST_0507,0.1247122
TEST_0508,0.11803728
TEST_0509,0.47450638
TEST_0510,0.385015
TEST_0511,0.21511431
TEST_0512,0.26324913
TEST_0513,0.18498416
TEST_0514,0.17921264
TEST_0515,0.19314994
TEST_0516,0.107094266
TEST_0517,0.16980352
TEST_0518,0.33975932
TEST_0519,0.11102831
TEST_0520,0.12338152
TEST_0521,0.16407642
TEST_0522,0.2402287
TEST_0523,0.119567625
TEST_0524,0.2799295
TEST_0525,0.16171359
TEST_0526,0.18661956
TEST_0527,0.43367597
TEST_0528,0.11943742
TEST_0529,0.1125891
TEST_0530,0.1152545
TEST_0531,0.27076197
TEST_0532,0.22730005
TEST_0533,0.14437671
TEST_0534,0.40173236
TEST_0535,0.14904885
TEST_0536,0.11388158
TEST_0537,0.11879635
TEST_0538,0.11802924
TEST_0539,0.108446956
TEST_0540,0.31302708
TEST_0541,0.14055555
TEST_0542,0.10958064
TEST_0543,0.1416324
TEST_0544,0.11515949
TEST_0545,0.27853218
TEST_0546,0.47637606
TEST_0547,0.13693844
TEST_0548,0.5561464
TEST_0549,0.10418955
TEST_0550,0.12701194
TEST_0551,0.51731575
TEST_0552,0.10839465
TEST_0553,0.12445485
TEST_0554,0.114278995
TEST_0555,0.123170756
TEST_0556,0.113228
TEST_0557,0.11794293
TEST_0558,0.103349485
TEST_0559,0.11349112
TEST_0560,0.12929954
TEST_0561,0.252183
TEST_0562,0.21604095
TEST_0563,0.44987008
TEST_0564,0.13202263
TEST_0565,0.28766307
TEST_0566,0.1802095
TEST_0567,0.15961549
TEST_0568,0.35851264
TEST_0569,0.1253975
TEST_0570,0.2984201
TEST_0571,0.1433841
TEST_0572,0.5155042
TEST_0573,0.32809553
TEST_0574,0.108701676
TEST_0575,0.10671583
TEST_0576,0.64112884
TEST_0577,0.43640456
TEST_0578,0.31533048
TEST_0579,0.23028421
TEST_0580,0.7833262
TEST_0581,0.16681783
TEST_0582,0.18217401
TEST_0583,0.49537763
TEST_0584,0.13954617
TEST_0585,0.12627587
TEST_0586,0.122324705
TEST_0587,0.16530886
TEST_0588,0.3814702
TEST_0589,0.19991417
TEST_0590,0.5621302
TEST_0591,0.21136725
TEST_0592,0.3128368
TEST_0593,0.66846687
TEST_0594,0.10947039
TEST_0595,0.3246143
TEST_0596,0.11587498
TEST_0597,0.114791
TEST_0598,0.11272192
TEST_0599,0.14026658
TEST_0600,0.16430849
TEST_0601,0.13313293
TEST_0602,0.12862132
TEST_0603,0.12810402
TEST_0604,0.13141246
TEST_0605,0.25275913
TEST_0606,0.11038804
TEST_0607,0.11570507
TEST_0608,0.61017215
TEST_0609,0.11364621
TEST_0610,0.23032677
TEST_0611,0.4798093
TEST_0612,0.119154304
TEST_0613,0.115332484
TEST_0614,0.10222703
TEST_0615,0.11508412
TEST_0616,0.10609511
TEST_0617,0.19884592
TEST_0618,0.24204983
TEST_0619,0.37372446
TEST_0620,0.13002856
TEST_0621,0.13560806
TEST_0622,0.14413315
TEST_0623,0.11105651
TEST_0624,0.12087294
TEST_0625,0.11818325
TEST_0626,0.10496193
TEST_0627,0.16518733
TEST_0628,0.11382535
TEST_0629,0.12169635
TEST_0630,0.1148842
TEST_0631,0.12880945
TEST_0632,0.14004819
TEST_0633,0.12918027
TEST_0634,0.12709814
TEST_0635,0.102718614
TEST_0636,0.10881228
TEST_0637,0.12903064
TEST_0638,0.112540476
TEST_0639,0.1029732
TEST_0640,0.11025665
TEST_0641,0.106486894
TEST_0642,0.1337473
TEST_0643,0.13113832
TEST_0644,0.12119771
TEST_0645,0.1665085
TEST_0646,0.12124985
TEST_0647,0.123462625
TEST_0648,0.17899017
TEST_0649,0.32463756
TEST_0650,0.13700663
TEST_0651,0.110497385
TEST_0652,0.14942908
TEST_0653,0.1450899
TEST_0654,0.107924186
TEST_0655,0.1169435
TEST_0656,0.11872026
TEST_0657,0.11481011
TEST_0658,0.13126224
TEST_0659,0.122424565
TEST_0660,0.11722275
TEST_0661,0.11582342
TEST_0662,0.1840886
TEST_0663,0.3616531
TEST_0664,0.23096906
TEST_0665,0.13909993
TEST_0666,0.16013207
TEST_0667,0.14524908
TEST_0668,0.46474385
TEST_0669,0.11908853
TEST_0670,0.21550284
TEST_0671,0.4068059
TEST_0672,0.2397704
TEST_0673,0.11853486
TEST_0674,0.12105953
TEST_0675,0.34222254
TEST_0676,0.114066094
TEST_0677,0.14918709
TEST_0678,0.11370093
TEST_0679,0.27316627
TEST_0680,0.28776872
TEST_0681,0.44119263
TEST_0682,0.58157545
TEST_0683,0.17064805
TEST_0684,0.15921772
TEST_0685,0.12364849
TEST_0686,0.25960085
TEST_0687,0.19725744
TEST_0688,0.30659577
TEST_0689,0.16067453
TEST_0690,0.12266132
TEST_0691,0.23184125
TEST_0692,0.36428055
TEST_0693,0.10942849
TEST_0694,0.11166832
TEST_0695,0.32564685
TEST_0696,0.11557532
TEST_0697,0.13703509
TEST_0698,0.28549278
TEST_0699,0.113164015
TEST_0700,0.26719
TEST_0701,0.14185138
TEST_0702,0.1327013
TEST_0703,0.116491996
TEST_0704,0.123844594
TEST_0705,0.31174895
TEST_0706,0.14281803
TEST_0707,0.5349725
TEST_0708,0.13279934
TEST_0709,0.4821464
TEST_0710,0.5626836
TEST_0711,0.4326707
TEST_0712,0.45333242
TEST_0713,0.43894172
TEST_0714,0.11219741
TEST_0715,0.11154973
TEST_0716,0.121805646
TEST_0717,0.12049642
TEST_0718,0.4807423
TEST_0719,0.18915392
TEST_0720,0.34374285
TEST_0721,0.12581803
TEST_0722,0.41470394
TEST_0723,0.33334705
TEST_0724,0.34417823
TEST_0725,0.16988619
TEST_0726,0.10788679
TEST_0727,0.17470516
TEST_0728,0.113520265
TEST_0729,0.1579414
TEST_0730,0.10465308
TEST_0731,0.11768467
TEST_0732,0.4836041
TEST_0733,0.36020848
TEST_0734,0.1400855
TEST_0735,0.28074118
TEST_0736,0.10740835
TEST_0737,0.12163622
TEST_0738,0.2595169
TEST_0739,0.6658444
TEST_0740,0.48187158
TEST_0741,0.10989446
TEST_0742,0.33149368
TEST_0743,0.4471995
TEST_0744,0.12141988
TEST_0745,0.16528569
TEST_0746,0.11279634
TEST_0747,0.27084568
TEST_0748,0.6357456
TEST_0749,0.3174028
TEST_0750,0.12002403
TEST_0751,0.11609816
TEST_0752,0.41293892
TEST_0753,0.35587692
TEST_0754,0.591928
TEST_0755,0.13189095
TEST_0756,0.13621889
TEST_0757,0.24191046
TEST_0758,0.71526384
TEST_0759,0.124376535
TEST_0760,0.17055528
TEST_0761,0.223036
TEST_0762,0.18306732
TEST_0763,0.1591869
TEST_0764,0.43126407
TEST_0765,0.13174866
TEST_0766,0.20467554
TEST_0767,0.21890359
TEST_0768,0.16751158
TEST_0769,0.14954804
TEST_0770,0.14517953
TEST_0771,0.12218777
TEST_0772,0.29647344
TEST_0773,0.12353835
TEST_0774,0.19041924
TEST_0775,0.4761165
TEST_0776,0.11403552
TEST_0777,0.11698976
TEST_0778,0.11014632
TEST_0779,0.10875896
TEST_0780,0.11071315
TEST_0781,0.4193791
TEST_0782,0.10270646
TEST_0783,0.124157645
TEST_0784,0.15850306
TEST_0785,0.11667895
TEST_0786,0.11334121
TEST_0787,0.11578963
TEST_0788,0.11965624
TEST_0789,0.11451653
TEST_0790,0.11275801
TEST_0791,0.41205272
TEST_0792,0.114947535
TEST_0793,0.117973655
TEST_0794,0.108409844
TEST_0795,0.12625629
TEST_0796,0.28993747
TEST_0797,0.12501328
TEST_0798,0.15133494
TEST_0799,0.19378324
TEST_0800,0.16137233
TEST_0801,0.1779626
TEST_0802,0.2745438
TEST_0803,0.43480715
TEST_0804,0.13386399
TEST_0805,0.13448076
TEST_0806,0.14404683
TEST_0807,0.124978386
TEST_0808,0.10684999
TEST_0809,0.39352775
TEST_0810,0.3361666
TEST_0811,0.15284656
TEST_0812,0.20816158
TEST_0813,0.120360345
TEST_0814,0.26664022
TEST_0815,0.11105453
TEST_0816,0.13221703
TEST_0817,0.19106656
TEST_0818,0.18330103
TEST_0819,0.16149719
TEST_0820,0.33334422
TEST_0821,0.30511627
TEST_0822,0.18902166
TEST_0823,0.12868793
TEST_0824,0.11217306
TEST_0825,0.10607141
TEST_0826,0.17406626
TEST_0827,0.11337772
TEST_0828,0.116920225
TEST_0829,0.119892836
TEST_0830,0.11236457
TEST_0831,0.12400174
TEST_0832,0.17020856
TEST_0833,0.34970394
TEST_0834,0.40209022
TEST_0835,0.23028107
TEST_0836,0.4477084
TEST_0837,0.33052886
TEST_0838,0.21134035
TEST_0839,0.12762354
TEST_0840,0.18892302
TEST_0841,0.1240387
TEST_0842,0.5517909
TEST_0843,0.43518868
TEST_0844,0.30591157
TEST_0845,0.15583181
TEST_0846,0.11383509
TEST_0847,0.116081774
TEST_0848,0.11725617
TEST_0849,0.33966312
TEST_0850,0.3237987
TEST_0851,0.14466548
TEST_0852,0.66104096
TEST_0853,0.11309982
TEST_0854,0.55706984
TEST_0855,0.112719975
TEST_0856,0.11874634
TEST_0857,0.12456886
TEST_0858,0.20416605
TEST_0859,0.58983785
TEST_0860,0.46526292
TEST_0861,0.11102227
TEST_0862,0.12646195
TEST_0863,0.250851
TEST_0864,0.110530905
TEST_0865,0.5670064
TEST_0866,0.10983839
TEST_0867,0.2568572
TEST_0868,0.17920206
TEST_0869,0.24188489
TEST_0870,0.5355189
TEST_0871,0.6045039
TEST_0872,0.2482078
TEST_0873,0.10564805
TEST_0874,0.10528938
TEST_0875,0.28510037
TEST_0876,0.12969883
TEST_0877,0.21718454
TEST_0878,0.39951453
TEST_0879,0.38076997
TEST_0880,0.26271763
TEST_0881,0.14156903
TEST_0882,0.39645633
TEST_0883,0.1345498
TEST_0884,0.39306346
TEST_0885,0.12996086
TEST_0886,0.59615153
TEST_0887,0.13930543
TEST_0888,0.6105661
TEST_0889,0.49076167
TEST_0890,0.1399784
TEST_0891,0.6083304
TEST_0892,0.44849157
TEST_0893,0.36719194
TEST_0894,0.12819475
TEST_0895,0.14807796
TEST_0896,0.11425704
TEST_0897,0.38151184
TEST_0898,0.15142675
TEST_0899,0.11450911
TEST_0900,0.21196686
TEST_0901,0.1335581
TEST_0902,0.11273348
TEST_0903,0.15530312
TEST_0904,0.23274672
TEST_0905,0.12020422
TEST_0906,0.25295725
TEST_0907,0.24310632
TEST_0908,0.7037093
TEST_0909,0.110617615
TEST_0910,0.66800696
TEST_0911,0.112827696
TEST_0912,0.10604546
TEST_0913,0.22280662
TEST_0914,0.1082029
TEST_0915,0.11855803
TEST_0916,0.11566913
TEST_0917,0.6611851
TEST_0918,0.6242288
TEST_0919,0.1767332
TEST_0920,0.27778473
TEST_0921,0.19216172
TEST_0922,0.10786852
TEST_0923,0.13894117
TEST_0924,0.28019467
TEST_0925,0.12754197
TEST_0926,0.29857013
TEST_0927,0.6193864
TEST_0928,0.11980022
TEST_0929,0.41038057
TEST_0930,0.4271803
TEST_0931,0.55993336
TEST_0932,0.69274974
TEST_0933,0.12572338
TEST_0934,0.13733561
TEST_0935,0.12831743
TEST_0936,0.13427489
TEST_0937,0.47611323
TEST_0938,0.59187526
TEST_0939,0.333645
TEST_0940,0.13774998
TEST_0941,0.24917823
TEST_0942,0.3245671
TEST_0943,0.31798357
TEST_0944,0.4539481
TEST_0945,0.1206266
TEST_0946,0.5206147
TEST_0947,0.21934581
TEST_0948,0.15886497
TEST_0949,0.19226454
TEST_0950,0.13436474
TEST_0951,0.43868485
TEST_0952,0.11468834
TEST_0953,0.11226005
TEST_0954,0.106092565
TEST_0955,0.23329473
TEST_0956,0.46336427
TEST_0957,0.12582695
TEST_0958,0.3636916
TEST_0959,0.693825
TEST_0960,0.11750444
TEST_0961,0.2638124
TEST_0962,0.115462594
TEST_0963,0.111296475
TEST_0964,0.47904944
TEST_0965,0.1520449
TEST_0966,0.11136041
TEST_0967,0.13043751
TEST_0968,0.20938616
TEST_0969,0.25490388
TEST_0970,0.16309874
TEST_0971,0.10785537
TEST_0972,0.31139013
TEST_0973,0.23128004
TEST_0974,0.13097353
TEST_0975,0.3370254
TEST_0976,0.13694155
TEST_0977,0.7321809
TEST_0978,0.48294416
TEST_0979,0.10494783
TEST_0980,0.772459
TEST_0981,0.21601574
TEST_0982,0.40436926
TEST_0983,0.11846572
TEST_0984,0.12145724
TEST_0985,0.11534461
TEST_0986,0.3965156
TEST_0987,0.11374124
TEST_0988,0.48502532
TEST_0989,0.43104982
TEST_0990,0.5432027
TEST_0991,0.46861577
TEST_0992,0.12898314
TEST_0993,0.20994796
TEST_0994,0.10277768
TEST_0995,0.11450788
TEST_0996,0.11285905
TEST_0997,0.4959694
TEST_0998,0.63402706
TEST_0999,0.12735619
TEST_1000,0.48712254
TEST_1001,0.12755315
TEST_1002,0.11930104
TEST_1003,0.13729705
TEST_1004,0.6950787
TEST_1005,0.113868
TEST_1006,0.12127813
TEST_1007,0.2948301
TEST_1008,0.65594226
TEST_1009,0.22337164
TEST_1010,0.6383287
TEST_1011,0.44831684
TEST_1012,0.5986627
TEST_1013,0.114584856
TEST_1014,0.19777198
TEST_1015,0.1279972
TEST_1016,0.6223001
TEST_1017,0.2778168
TEST_1018,0.118939735
TEST_1019,0.1776423
TEST_1020,0.12478906
TEST_1021,0.10937504
TEST_1022,0.26089364
TEST_1023,0.13772993
TEST_1024,0.11967198
TEST_1025,0.12902485
TEST_1026,0.6221183
TEST_1027,0.16210659
TEST_1028,0.251698
TEST_1029,0.4436625
TEST_1030,0.17931564
TEST_1031,0.45037994
TEST_1032,0.14650802
TEST_1033,0.22083978
TEST_1034,0.3412138
TEST_1035,0.25823224
TEST_1036,0.12298843
TEST_1037,0.2507546
TEST_1038,0.4467293
TEST_1039,0.113361806
TEST_1040,0.46023116
TEST_1041,0.115284234
TEST_1042,0.24032372
TEST_1043,0.5080916
TEST_1044,0.32751685
TEST_1045,0.19539015
TEST_1046,0.33404693
TEST_1047,0.14496277
TEST_1048,0.4130627
TEST_1049,0.2532241
TEST_1050,0.3517977
TEST_1051,0.25652716
TEST_1052,0.20912512
TEST_1053,0.13786799
TEST_1054,0.10667741
TEST_1055,0.11170482
TEST_1056,0.24196069
TEST_1057,0.10535761
TEST_1058,0.10714358
TEST_1059,0.2960184
TEST_1060,0.12436607
TEST_1061,0.11991798
TEST_1062,0.34669805
TEST_1063,0.2143491
TEST_1064,0.38153228
TEST_1065,0.1215655
TEST_1066,0.51374966
TEST_1067,0.108638585
TEST_1068,0.12617145
TEST_1069,0.10635582
TEST_1070,0.11559562
TEST_1071,0.11311364
TEST_1072,0.14709137
TEST_1073,0.56033117
TEST_1074,0.37448868
TEST_1075,0.10889817
TEST_1076,0.1140036
TEST_1077,0.10763735
TEST_1078,0.102508344
TEST_1079,0.10729191
TEST_1080,0.11780938
TEST_1081,0.10827372
TEST_1082,0.44606757
TEST_1083,0.48325667
TEST_1084,0.14806616
TEST_1085,0.4142928
TEST_1086,0.12418058
TEST_1087,0.31204402
TEST_1088,0.2522577
TEST_1089,0.90095
TEST_1090,0.1599863
TEST_1091,0.56448174
TEST_1092,0.21839762
TEST_1093,0.27948612
TEST_1094,0.24759574
TEST_1095,0.2048503
TEST_1096,0.3753129
TEST_1097,0.52011275
TEST_1098,0.116351925
TEST_1099,0.20518358
TEST_1100,0.78444165
TEST_1101,0.15463205
TEST_1102,0.29198065
TEST_1103,0.15673132
TEST_1104,0.1854573
TEST_1105,0.13519661
TEST_1106,0.14007041
TEST_1107,0.31266603
TEST_1108,0.22310178
TEST_1109,0.66165614
TEST_1110,0.16591659
TEST_1111,0.28888115
TEST_1112,0.112468444
TEST_1113,0.1605624
TEST_1114,0.14784095
TEST_1115,0.63892895
TEST_1116,0.11030307
TEST_1117,0.6587352
TEST_1118,0.11011422
TEST_1119,0.4336313
TEST_1120,0.10827126
TEST_1121,0.12000088
TEST_1122,0.4287213
TEST_1123,0.3662202
TEST_1124,0.106203385
TEST_1125,0.39989018
TEST_1126,0.11247919
TEST_1127,0.109746
TEST_1128,0.12127329
TEST_1129,0.16932471
TEST_1130,0.12040254
TEST_1131,0.1541686
TEST_1132,0.14661558
TEST_1133,0.49065992
TEST_1134,0.15307684
TEST_1135,0.25490612
TEST_1136,0.59851146
TEST_1137,0.4190028
TEST_1138,0.23966892
TEST_1139,0.11219325
TEST_1140,0.2180724
TEST_1141,0.2434872
TEST_1142,0.4609343
TEST_1143,0.116384625
TEST_1144,0.10676584
TEST_1145,0.11964943
TEST_1146,0.10191742
TEST_1147,0.114288725
TEST_1148,0.5820512
TEST_1149,0.31415343
TEST_1150,0.11516052
TEST_1151,0.6309666
TEST_1152,0.111166306
TEST_1153,0.20897456
TEST_1154,0.41903138
TEST_1155,0.6550808
TEST_1156,0.5060372
TEST_1157,0.6979913
TEST_1158,0.38868037
TEST_1159,0.34003603
TEST_1160,0.105913974
TEST_1161,0.11845296
TEST_1162,0.15907587
TEST_1163,0.13772653
TEST_1164,0.33214846
TEST_1165,0.48362663
TEST_1166,0.38582888
TEST_1167,0.123227656
TEST_1168,0.13495307
TEST_1169,0.18293507
TEST_1170,0.35610902
TEST_1171,0.3069044
TEST_1172,0.11808926
TEST_1173,0.45495892
TEST_1174,0.1439023
TEST_1175,0.4180107
TEST_1176,0.20268555
TEST_1177,0.12897408
TEST_1178,0.43114027
TEST_1179,0.34233913
TEST_1180,0.158454
TEST_1181,0.111167274
TEST_1182,0.37907317
TEST_1183,0.5139854
TEST_1184,0.13824521
TEST_1185,0.21029991
TEST_1186,0.2657694
TEST_1187,0.49451235
TEST_1188,0.13066316
TEST_1189,0.11461536
TEST_1190,0.10375252
TEST_1191,0.10182351
TEST_1192,0.1032678
TEST_1193,0.36704493
TEST_1194,0.10169846
TEST_1195,0.111918174
TEST_1196,0.10622769
TEST_1197,0.1765965
TEST_1198,0.25002596
TEST_1199,0.15264563
TEST_1200,0.48798385
TEST_1201,0.16589327
TEST_1202,0.45041856
TEST_1203,0.5726056
TEST_1204,0.113528214
TEST_1205,0.5546029
TEST_1206,0.11677637
TEST_1207,0.34499767
TEST_1208,0.44759688
TEST_1209,0.37956634
TEST_1210,0.16414227
TEST_1211,0.66293806
TEST_1212,0.10724199
TEST_1213,0.12158933
TEST_1214,0.109265536
TEST_1215,0.3238983
TEST_1216,0.38216364
TEST_1217,0.2468253
TEST_1218,0.30628955
TEST_1219,0.1418343
TEST_1220,0.11500638
TEST_1221,0.5358195
TEST_1222,0.12533759
TEST_1223,0.12190807
TEST_1224,0.5789509
TEST_1225,0.10930479
TEST_1226,0.13367239
TEST_1227,0.37769237
TEST_1228,0.10427323
TEST_1229,0.6962569
TEST_1230,0.17396064
TEST_1231,0.36764643
TEST_1232,0.10213244
TEST_1233,0.19267641
TEST_1234,0.27148557
TEST_1235,0.118039526
TEST_1236,0.13887908
TEST_1237,0.19388072
TEST_1238,0.10692248
TEST_1239,0.1559783
TEST_1240,0.35606432
TEST_1241,0.11631798
TEST_1242,0.12058333
TEST_1243,0.44942784
TEST_1244,0.2487862
TEST_1245,0.4029021
TEST_1246,0.2541033
TEST_1247,0.11704438
TEST_1248,0.10770766
TEST_1249,0.10682436
TEST_1250,0.12221568
TEST_1251,0.15349187
TEST_1252,0.11059702
TEST_1253,0.6469023
TEST_1254,0.84779745
TEST_1255,0.112248145
TEST_1256,0.3264608
TEST_1257,0.15234968
TEST_1258,0.13008069
TEST_1259,0.119205594
TEST_1260,0.1268066
TEST_1261,0.12467018
TEST_1262,0.39455116
TEST_1263,0.10947234
TEST_1264,0.11209089
TEST_1265,0.11141085
TEST_1266,0.24670263
TEST_1267,0.43450758
TEST_1268,0.26494375
TEST_1269,0.13472544
TEST_1270,0.1287201
TEST_1271,0.16659112
TEST_1272,0.20444925
TEST_1273,0.18603317
TEST_1274,0.13488458
TEST_1275,0.16943282
TEST_1276,0.15945892
TEST_1277,0.1246879
TEST_1278,0.13040654
TEST_1279,0.13961029
TEST_1280,0.109547764
TEST_1281,0.11845016
TEST_1282,0.1154188
TEST_1283,0.3077965
TEST_1284,0.21958385
TEST_1285,0.6570186
TEST_1286,0.11752624
TEST_1287,0.17072909
TEST_1288,0.13018595
TEST_1289,0.283713
TEST_1290,0.14601807
TEST_1291,0.16998644
TEST_1292,0.30110827
TEST_1293,0.13211045
TEST_1294,0.16210748
TEST_1295,0.16367872
TEST_1296,0.11056942
TEST_1297,0.11731068
TEST_1298,0.1139645
TEST_1299,0.14161438
TEST_1300,0.11811927
TEST_1301,0.7025412
TEST_1302,0.15797083
TEST_1303,0.39789882
TEST_1304,0.30989963
TEST_1305,0.21710737
TEST_1306,0.11301843
TEST_1307,0.23544113
TEST_1308,0.24099396
TEST_1309,0.12891757
TEST_1310,0.13398953
TEST_1311,0.17646253
TEST_1312,0.13567604
TEST_1313,0.30949387
TEST_1314,0.1305181
TEST_1315,0.6403067
TEST_1316,0.25843546
TEST_1317,0.1375155
TEST_1318,0.15899782
TEST_1319,0.2751653
TEST_1320,0.116107315
TEST_1321,0.77353257
TEST_1322,0.15243675
TEST_1323,0.26423463
TEST_1324,0.6351604
TEST_1325,0.6273362
TEST_1326,0.3120513
TEST_1327,0.45816588
TEST_1328,0.123223186
TEST_1329,0.1398383
TEST_1330,0.11044786
TEST_1331,0.75500935
TEST_1332,0.5498869
TEST_1333,0.12004242
TEST_1334,0.1988139
TEST_1335,0.21864979
TEST_1336,0.116918825
TEST_1337,0.18033701
TEST_1338,0.11540117
TEST_1339,0.5857819
TEST_1340,0.121407636
TEST_1341,0.15511547
TEST_1342,0.71870357
TEST_1343,0.1427874
TEST_1344,0.25949362
TEST_1345,0.42651108
TEST_1346,0.13423632
TEST_1347,0.3623064
TEST_1348,0.31792554
TEST_1349,0.109186746
TEST_1350,0.108507
TEST_1351,0.1323657
TEST_1352,0.19877054
TEST_1353,0.104337186
TEST_1354,0.40367088
TEST_1355,0.2785652
TEST_1356,0.44845638
TEST_1357,0.6300955
TEST_1358,0.88082314
TEST_1359,0.42175654
TEST_1360,0.3911129
TEST_1361,0.3036181
TEST_1362,0.5013189
TEST_1363,0.7325602
TEST_1364,0.19046034
TEST_1365,0.41710496
TEST_1366,0.29765317
TEST_1367,0.11558392
TEST_1368,0.111882485
TEST_1369,0.11151743
TEST_1370,0.29293337
TEST_1371,0.15355875
TEST_1372,0.50051636
TEST_1373,0.16823839
TEST_1374,0.45841643
TEST_1375,0.33258054
TEST_1376,0.11784595
TEST_1377,0.14700954
TEST_1378,0.12404435
TEST_1379,0.5625852
TEST_1380,0.30590427
TEST_1381,0.57651025
TEST_1382,0.279465
TEST_1383,0.46238413
TEST_1384,0.225842
TEST_1385,0.16303515
TEST_1386,0.119912066
TEST_1387,0.21684568
TEST_1388,0.21455176
TEST_1389,0.832088
TEST_1390,0.14123574
TEST_1391,0.4958985
TEST_1392,0.1212248
TEST_1393,0.398726
TEST_1394,0.5276944
TEST_1395,0.49123135
TEST_1396,0.1269356
TEST_1397,0.13081545
TEST_1398,0.33309874
TEST_1399,0.48488125
TEST_1400,0.1170112
TEST_1401,0.13968195
TEST_1402,0.16097592
TEST_1403,0.21439683
TEST_1404,0.10909411
TEST_1405,0.44572055
TEST_1406,0.309997
TEST_1407,0.2051571
TEST_1408,0.12365323
TEST_1409,0.3868548
TEST_1410,0.13564739
TEST_1411,0.1292976
TEST_1412,0.29292756
TEST_1413,0.1438197
TEST_1414,0.31191173
TEST_1415,0.3526591
TEST_1416,0.109354146
TEST_1417,0.109534
TEST_1418,0.1079047
TEST_1419,0.13335238
TEST_1420,0.10999289
TEST_1421,0.11372768
TEST_1422,0.1201083
TEST_1423,0.10729446
TEST_1424,0.23651858
TEST_1425,0.1357177
TEST_1426,0.11304673
TEST_1427,0.47429538
TEST_1428,0.13545392
TEST_1429,0.11199105
TEST_1430,0.110613994
TEST_1431,0.13811125
TEST_1432,0.12423033
TEST_1433,0.12905954
TEST_1434,0.14765446
TEST_1435,0.14107011
TEST_1436,0.19847064
TEST_1437,0.15106983
TEST_1438,0.43213153
TEST_1439,0.12551671
TEST_1440,0.18904065
TEST_1441,0.22646658
TEST_1442,0.12070476
TEST_1443,0.18390898
TEST_1444,0.36877504
TEST_1445,0.18963574
TEST_1446,0.22584577
TEST_1447,0.47222218
TEST_1448,0.28309393
TEST_1449,0.11531458
TEST_1450,0.124869
TEST_1451,0.12339798
TEST_1452,0.117247224
TEST_1453,0.17143933
TEST_1454,0.25032756
TEST_1455,0.14665174
TEST_1456,0.143796
TEST_1457,0.18630004
TEST_1458,0.11415274
TEST_1459,0.23653917
TEST_1460,0.42959955
TEST_1461,0.2705209
TEST_1462,0.16917892
TEST_1463,0.24857779
TEST_1464,0.11242203
TEST_1465,0.30230322
TEST_1466,0.38389048
TEST_1467,0.12398539
TEST_1468,0.17022657
TEST_1469,0.11872106
TEST_1470,0.15764113
TEST_1471,0.21562992
TEST_1472,0.11513276
TEST_1473,0.15683855
TEST_1474,0.15159942
TEST_1475,0.12025561
TEST_1476,0.11903647
TEST_1477,0.13412376
TEST_1478,0.18186416
TEST_1479,0.12921594
TEST_1480,0.24679248
TEST_1481,0.13498832
TEST_1482,0.16159338
TEST_1483,0.39735165
TEST_1484,0.25479552
TEST_1485,0.20526706
TEST_1486,0.12468612
TEST_1487,0.10657248
TEST_1488,0.11605462
TEST_1489,0.16335614
TEST_1490,0.25543582
TEST_1491,0.2614776
TEST_1492,0.1289471
TEST_1493,0.21915562
TEST_1494,0.36807808
TEST_1495,0.12546493
TEST_1496,0.2649115
TEST_1497,0.16332978
TEST_1498,0.11207763
TEST_1499,0.11677029
TEST_1500,0.124092184
TEST_1501,0.16767736
TEST_1502,0.12747231
TEST_1503,0.12458988
TEST_1504,0.19803087
TEST_1505,0.2043252
TEST_1506,0.15753739
TEST_1507,0.19412337
TEST_1508,0.70441777
TEST_1509,0.16931422
TEST_1510,0.19404508
TEST_1511,0.12032228
TEST_1512,0.13231897
TEST_1513,0.30073223
TEST_1514,0.1158176
TEST_1515,0.13046299
TEST_1516,0.18212402
TEST_1517,0.11163142
TEST_1518,0.11295468
TEST_1519,0.16222514
TEST_1520,0.13595259
TEST_1521,0.10962874
TEST_1522,0.10554666
TEST_1523,0.13361253
TEST_1524,0.13721158
TEST_1525,0.11513416
TEST_1526,0.11429727
TEST_1527,0.16612898
TEST_1528,0.11565584
TEST_1529,0.115701795
TEST_1530,0.23979633
TEST_1531,0.24161117
TEST_1532,0.41833833
TEST_1533,0.114947796
TEST_1534,0.12570532
TEST_1535,0.11507257
TEST_1536,0.14161123
TEST_1537,0.33326888
TEST_1538,0.11962899
TEST_1539,0.12968846
TEST_1540,0.13550484
TEST_1541,0.13035609
TEST_1542,0.5150859
TEST_1543,0.1182368
TEST_1544,0.10945647
TEST_1545,0.11194164
TEST_1546,0.15363817
TEST_1547,0.11822031
TEST_1548,0.1155929
TEST_1549,0.3125771
TEST_1550,0.14104585
TEST_1551,0.13411091
TEST_1552,0.11139775
TEST_1553,0.18491918
TEST_1554,0.1474502
TEST_1555,0.1339293
TEST_1556,0.13502495
TEST_1557,0.34251466
TEST_1558,0.112332314
TEST_1559,0.110311575
TEST_1560,0.11987121
TEST_1561,0.370038
TEST_1562,0.11150851
TEST_1563,0.106432766
TEST_1564,0.13112092
TEST_1565,0.10715326
TEST_1566,0.12003548
TEST_1567,0.17615354
TEST_1568,0.1940235
TEST_1569,0.22054197
TEST_1570,0.19975305
TEST_1571,0.11956119
TEST_1572,0.38772702
TEST_1573,0.39587894
TEST_1574,0.114693224
TEST_1575,0.1204198
TEST_1576,0.12411497
TEST_1577,0.16563334
TEST_1578,0.19707239
TEST_1579,0.12543008
TEST_1580,0.17148523
TEST_1581,0.11766705
TEST_1582,0.1795141
TEST_1583,0.15972282
TEST_1584,0.1395043
TEST_1585,0.11635623
TEST_1586,0.35118794
TEST_1587,0.38790712
TEST_1588,0.12912948
TEST_1589,0.22150028
TEST_1590,0.12140737
TEST_1591,0.13151139
TEST_1592,0.1570907
TEST_1593,0.10243636
TEST_1594,0.14534502
TEST_1595,0.16820055
TEST_1596,0.17533188
TEST_1597,0.22789454
TEST_1598,0.12921669
TEST_1599,0.15937854
TEST_1600,0.3559774
TEST_1601,0.44671306
TEST_1602,0.26129004
TEST_1603,0.16246332
TEST_1604,0.28554973
TEST_1605,0.113096535
TEST_1606,0.11121585
TEST_1607,0.50446826
TEST_1608,0.18601312
TEST_1609,0.44257888
TEST_1610,0.11522657
TEST_1611,0.13548382
TEST_1612,0.113496564
TEST_1613,0.18233164
TEST_1614,0.13729854
TEST_1615,0.18326826
TEST_1616,0.32094488
TEST_1617,0.2661572
TEST_1618,0.12905312
TEST_1619,0.29206508
TEST_1620,0.14151704
TEST_1621,0.2133535
TEST_1622,0.58519536
TEST_1623,0.14645636
TEST_1624,0.13801225
TEST_1625,0.1414656
TEST_1626,0.15478927
TEST_1627,0.1170826
TEST_1628,0.20457937
TEST_1629,0.2170506
TEST_1630,0.15713888
TEST_1631,0.14447589
TEST_1632,0.12151187
TEST_1633,0.15508975
TEST_1634,0.11231064
TEST_1635,0.13899304
TEST_1636,0.12084714
TEST_1637,0.15902743
TEST_1638,0.2224191
TEST_1639,0.13413836
TEST_1640,0.23529278
TEST_1641,0.38026595
TEST_1642,0.14098912
TEST_1643,0.19268411
TEST_1644,0.25493655
TEST_1645,0.11531043
TEST_1646,0.13082656
TEST_1647,0.16174503
TEST_1648,0.19581866
TEST_1649,0.22657521
TEST_1650,0.18812625
TEST_1651,0.14575118
TEST_1652,0.40565857
TEST_1653,0.11360994
TEST_1654,0.11657382
TEST_1655,0.11211858
TEST_1656,0.13767788
TEST_1657,0.30752793
TEST_1658,0.12167714
TEST_1659,0.13278724
TEST_1660,0.23905154
TEST_1661,0.24966685
TEST_1662,0.12241926
TEST_1663,0.31362924
TEST_1664,0.17274791
TEST_1665,0.2772586
TEST_1666,0.10893461
TEST_1667,0.16313152
TEST_1668,0.198141
TEST_1669,0.13549832
TEST_1670,0.35245702
TEST_1671,0.6593668
TEST_1672,0.40762198
TEST_1673,0.16663392
TEST_1674,0.31454852
TEST_1675,0.34251416
TEST_1676,0.4636143
TEST_1677,0.18744934
TEST_1678,0.4141376
TEST_1679,0.17552364
TEST_1680,0.1577578
TEST_1681,0.24463911
TEST_1682,0.104715265
TEST_1683,0.3415917
TEST_1684,0.20799752
TEST_1685,0.4146723
TEST_1686,0.5385663
TEST_1687,0.10788085
TEST_1688,0.12909074
TEST_1689,0.21420138
TEST_1690,0.15807974
TEST_1691,0.16669089
TEST_1692,0.13964927
TEST_1693,0.14103682
TEST_1694,0.12161223
TEST_1695,0.13511814
TEST_1696,0.12998861
TEST_1697,0.15731992
TEST_1698,0.20002443
TEST_1699,0.18848406
TEST_1700,0.12904632
TEST_1701,0.18883634
TEST_1702,0.11832402
TEST_1703,0.21148358
TEST_1704,0.11843426
TEST_1705,0.10518732
TEST_1706,0.12945339
TEST_1707,0.11608661
TEST_1708,0.12196806
TEST_1709,0.13205893
TEST_1710,0.51720864
TEST_1711,0.17276053
TEST_1712,0.5499093
TEST_1713,0.21305382
TEST_1714,0.83980507
TEST_1715,0.12769102
TEST_1716,0.17205119
TEST_1717,0.1137383
TEST_1718,0.12814142
TEST_1719,0.11398808
TEST_1720,0.12406894
TEST_1721,0.14962256
TEST_1722,0.12692219
TEST_1723,0.22942781
TEST_1724,0.11435852
TEST_1725,0.118121386
TEST_1726,0.11083335
TEST_1727,0.11484059
TEST_1728,0.107550524
TEST_1729,0.23121314
TEST_1730,0.19237538
TEST_1731,0.11031213
TEST_1732,0.1261874
TEST_1733,0.19149834
TEST_1734,0.1536176
TEST_1735,0.12491957
TEST_1736,0.3702251
TEST_1737,0.6109216
TEST_1738,0.16023539
TEST_1739,0.19043207
TEST_1740,0.39631584
TEST_1741,0.719485
TEST_1742,0.496745
TEST_1743,0.42761946
TEST_1744,0.24239235
TEST_1745,0.35342035
TEST_1746,0.122020505
TEST_1747,0.121195935
TEST_1748,0.13112111
TEST_1749,0.12720196
TEST_1750,0.19826537
TEST_1751,0.13543665
TEST_1752,0.11363087
TEST_1753,0.31165716
TEST_1754,0.6557543
TEST_1755,0.1044186
TEST_1756,0.21058534
TEST_1757,0.56589186
TEST_1758,0.21148439
TEST_1759,0.124786414
TEST_1760,0.30356947
TEST_1761,0.12895541
TEST_1762,0.11510422
TEST_1763,0.109196246
TEST_1764,0.24040289
TEST_1765,0.13454328
TEST_1766,0.2708332
TEST_1767,0.13649376
TEST_1768,0.22142227
TEST_1769,0.13953489
TEST_1770,0.18161039
TEST_1771,0.13524514
TEST_1772,0.13252665
TEST_1773,0.11148727
TEST_1774,0.11477884
TEST_1775,0.18096502
TEST_1776,0.13002886
TEST_1777,0.19009435
TEST_1778,0.14831416
TEST_1779,0.12228766
TEST_1780,0.17112815
TEST_1781,0.3628845
TEST_1782,0.12235168
TEST_1783,0.11694312
TEST_1784,0.117439985
TEST_1785,0.43676743
TEST_1786,0.1504918
TEST_1787,0.12975042
TEST_1788,0.4099129
TEST_1789,0.124456264
TEST_1790,0.16236918
TEST_1791,0.21882625
TEST_1792,0.29954588
TEST_1793,0.12171707
TEST_1794,0.2603207
TEST_1795,0.14225432
TEST_1796,0.1123763
TEST_1797,0.10721197
TEST_1798,0.12667672
TEST_1799,0.12760137
TEST_1800,0.1396714
TEST_1801,0.15765236
TEST_1802,0.114993416
TEST_1803,0.13380475
TEST_1804,0.105295576
TEST_1805,0.12038112
TEST_1806,0.13257316
TEST_1807,0.4299377
TEST_1808,0.10263338
TEST_1809,0.13717352
TEST_1810,0.11284176
TEST_1811,0.21697064
TEST_1812,0.18490092
TEST_1813,0.12178868
TEST_1814,0.111979894
TEST_1815,0.2079045
TEST_1816,0.11311382
TEST_1817,0.16949885
TEST_1818,0.20740195
TEST_1819,0.1157519
TEST_1820,0.44158432
TEST_1821,0.10876721
TEST_1822,0.12107699
TEST_1823,0.16529687
TEST_1824,0.106306106
TEST_1825,0.17976622
TEST_1826,0.13045399
TEST_1827,0.13370878
TEST_1828,0.20847821
TEST_1829,0.13406287
TEST_1830,0.11834675
TEST_1831,0.29525575
TEST_1832,0.30454996
TEST_1833,0.12208279
TEST_1834,0.14144737
TEST_1835,0.23030324
TEST_1836,0.26612434
TEST_1837,0.16482034
TEST_1838,0.11359781
TEST_1839,0.11019915
TEST_1840,0.17103045
TEST_1841,0.11395821
TEST_1842,0.2700455
TEST_1843,0.11887225
TEST_1844,0.2369719
TEST_1845,0.23244958
TEST_1846,0.13719185
TEST_1847,0.15695512
TEST_1848,0.19921428
TEST_1849,0.1747187
TEST_1850,0.13846703
TEST_1851,0.40625587
TEST_1852,0.10860559
TEST_1853,0.14641084
TEST_1854,0.11637649
TEST_1855,0.15202953
TEST_1856,0.23477072
TEST_1857,0.23954968
TEST_1858,0.12089523
TEST_1859,0.11749798
TEST_1860,0.1268542
TEST_1861,0.15235066
TEST_1862,0.1305478
TEST_1863,0.114534296
TEST_1864,0.114818215
TEST_1865,0.10633478
TEST_1866,0.18450755
TEST_1867,0.22068734
TEST_1868,0.10946319
TEST_1869,0.18227737
TEST_1870,0.12374721
TEST_1871,0.22622024
TEST_1872,0.12978838
TEST_1873,0.20992362
TEST_1874,0.2902025
TEST_1875,0.46511543
TEST_1876,0.27662468
TEST_1877,0.29716423
TEST_1878,0.13144453
TEST_1879,0.14641906
TEST_1880,0.12673599
TEST_1881,0.18459027
TEST_1882,0.214418
TEST_1883,0.416116
TEST_1884,0.2804556
TEST_1885,0.10725654
TEST_1886,0.12818296
TEST_1887,0.27262476
TEST_1888,0.18041313
TEST_1889,0.29858693
TEST_1890,0.24570318
TEST_1891,0.15063924
TEST_1892,0.15681554
TEST_1893,0.19288035
TEST_1894,0.8605477
TEST_1895,0.12890047
TEST_1896,0.24089396
TEST_1897,0.2687013
TEST_1898,0.28134
TEST_1899,0.15135029
TEST_1900,0.18120651
TEST_1901,0.16471036
TEST_1902,0.12264645
TEST_1903,0.15904856
TEST_1904,0.15079604
TEST_1905,0.14702697
TEST_1906,0.5974906
TEST_1907,0.4985591
TEST_1908,0.33669734
TEST_1909,0.30621812
TEST_1910,0.17501695
TEST_1911,0.13986905
TEST_1912,0.21663813
TEST_1913,0.15875338
TEST_1914,0.115296505
TEST_1915,0.19068895
TEST_1916,0.33370924
TEST_1917,0.61768943
TEST_1918,0.5812626
TEST_1919,0.84972626
TEST_1920,0.15379612
TEST_1921,0.90974885
TEST_1922,0.12796731
TEST_1923,0.22931834
TEST_1924,0.29725388
TEST_1925,0.1981722
TEST_1926,0.17757948
TEST_1927,0.4584101
TEST_1928,0.6735752
TEST_1929,0.3453338
TEST_1930,0.20270932
TEST_1931,0.15023047
TEST_1932,0.114055015
TEST_1933,0.12066654
TEST_1934,0.12643914
TEST_1935,0.11538086
TEST_1936,0.12552899
TEST_1937,0.13940673
TEST_1938,0.47372445
TEST_1939,0.16242978
TEST_1940,0.8759642
TEST_1941,0.63061696
TEST_1942,0.24591394
TEST_1943,0.2049975
TEST_1944,0.5071921
TEST_1945,0.19445224
TEST_1946,0.13979575
TEST_1947,0.13454594
TEST_1948,0.109589934
TEST_1949,0.10900471
TEST_1950,0.2780563
TEST_1951,0.18045826
TEST_1952,0.12114278
TEST_1953,0.16411607
TEST_1954,0.12592338
TEST_1955,0.31636372
TEST_1956,0.11477005
TEST_1957,0.37565327
TEST_1958,0.34038696
TEST_1959,0.11269797
TEST_1960,0.109912716
TEST_1961,0.12199887
